year,cat,count
1791,Gunfire,2
1792,Gunfire,1
1794,Gunfire,1
1797,Gunfire,1
1804,Gunfire,1
1806,Gunfire,0
1807,Gunfire,1
1808,Gunfire,2
1810,Gunfire,1
1811,Gunfire,1
1814,Gunfire,1
1816,Gunfire,1
1818,Gunfire,0
1823,Gunfire,0
1824,Gunfire,0
1825,Gunfire,1
1827,Gunfire,0
1828,Gunfire,1
1830,Gunfire,1
1832,Gunfire,0
1833,Gunfire,0
1834,Gunfire,0
1836,Gunfire,0
1837,Gunfire,5
1838,Gunfire,1
1839,Gunfire,8
1840,Gunfire,1
1841,Gunfire,2
1842,Gunfire,1
1843,Gunfire,1
1844,Gunfire,2
1845,Gunfire,2
1847,Gunfire,3
1848,Gunfire,1
1849,Gunfire,1
1850,Gunfire,4
1851,Gunfire,3
1852,Gunfire,3
1853,Gunfire,1
1854,Gunfire,5
1855,Gunfire,9
1856,Gunfire,6
1857,Gunfire,11
1858,Gunfire,9
1859,Gunfire,9
1860,Gunfire,7
1861,Gunfire,3
1862,Gunfire,4
1863,Gunfire,5
1864,Gunfire,13
1865,Gunfire,11
1866,Gunfire,14
1867,Gunfire,18
1868,Gunfire,18
1869,Gunfire,26
1870,Gunfire,14
1871,Gunfire,29
1872,Gunfire,24
1873,Gunfire,19
1874,Gunfire,21
1875,Gunfire,22
1876,Gunfire,24
1877,Gunfire,22
1878,Gunfire,45
1879,Gunfire,25
1880,Gunfire,29
1881,Gunfire,44
1882,Gunfire,39
1883,Gunfire,37
1884,Gunfire,41
1885,Gunfire,58
1886,Gunfire,39
1887,Gunfire,33
1888,Gunfire,53
1889,Gunfire,44
1890,Gunfire,51
1891,Gunfire,47
1892,Gunfire,73
1893,Gunfire,55
1894,Gunfire,58
1895,Gunfire,62
1896,Gunfire,48
1897,Gunfire,35
1898,Gunfire,67
1899,Gunfire,69
1900,Gunfire,69
1901,Gunfire,83
1902,Gunfire,95
1903,Gunfire,83
1904,Gunfire,70
1905,Gunfire,69
1906,Gunfire,74
1907,Gunfire,95
1908,Gunfire,105
1909,Gunfire,85
1910,Gunfire,100
1911,Gunfire,131
1912,Gunfire,100
1913,Gunfire,103
1914,Gunfire,104
1915,Gunfire,121
1916,Gunfire,126
1917,Gunfire,125
1918,Gunfire,131
1919,Gunfire,187
1920,Gunfire,173
1921,Gunfire,206
1922,Gunfire,184
1923,Gunfire,173
1924,Gunfire,198
1925,Gunfire,177
1926,Gunfire,183
1927,Gunfire,181
1928,Gunfire,170
1929,Gunfire,158
1930,Gunfire,193
1931,Gunfire,188
1932,Gunfire,187
1933,Gunfire,159
1934,Gunfire,146
1935,Gunfire,128
1936,Gunfire,98
1937,Gunfire,90
1938,Gunfire,92
1939,Gunfire,64
1940,Gunfire,63
1941,Gunfire,73
1942,Gunfire,52
1943,Gunfire,46
1944,Gunfire,46
1945,Gunfire,54
1946,Gunfire,67
1947,Gunfire,73
1948,Gunfire,62
1949,Gunfire,55
1950,Gunfire,53
1951,Gunfire,52
1952,Gunfire,59
1953,Gunfire,58
1954,Gunfire,66
1955,Gunfire,43
1956,Gunfire,37
1957,Gunfire,58
1958,Gunfire,43
1959,Gunfire,44
1960,Gunfire,50
1961,Gunfire,59
1962,Gunfire,58
1963,Gunfire,61
1964,Gunfire,62
1965,Gunfire,63
1966,Gunfire,64
1967,Gunfire,86
1968,Gunfire,75
1969,Gunfire,101
1970,Gunfire,111
1971,Gunfire,143
1972,Gunfire,121
1973,Gunfire,144
1974,Gunfire,140
1975,Gunfire,143
1976,Gunfire,105
1977,Gunfire,98
1978,Gunfire,101
1979,Gunfire,112
1980,Gunfire,104
1981,Gunfire,93
1982,Gunfire,93
1983,Gunfire,81
1984,Gunfire,73
1985,Gunfire,74
1986,Gunfire,75
1987,Gunfire,75
1988,Gunfire,79
1989,Gunfire,69
1990,Gunfire,60
1991,Gunfire,73
1992,Gunfire,64
1993,Gunfire,78
1994,Gunfire,85
1995,Gunfire,70
1996,Gunfire,60
1997,Gunfire,69
1998,Gunfire,64
1999,Gunfire,43
2000,Gunfire,50
2001,Gunfire,65
2002,Gunfire,57
2003,Gunfire,48
2004,Gunfire,56
2005,Gunfire,53
2006,Gunfire,51
2007,Gunfire,67
2008,Gunfire,41
2009,Gunfire,47
2010,Gunfire,59
2011,Gunfire,68
2012,Gunfire,48
2013,Gunfire,31
2014,Gunfire,47
2015,Gunfire,39
2016,Gunfire,21
1791,Automobile accident,0
1792,Automobile accident,0
1794,Automobile accident,0
1797,Automobile accident,0
1804,Automobile accident,0
1806,Automobile accident,0
1807,Automobile accident,0
1808,Automobile accident,0
1810,Automobile accident,0
1811,Automobile accident,0
1814,Automobile accident,0
1816,Automobile accident,0
1818,Automobile accident,0
1823,Automobile accident,0
1824,Automobile accident,0
1825,Automobile accident,0
1827,Automobile accident,0
1828,Automobile accident,0
1830,Automobile accident,0
1832,Automobile accident,0
1833,Automobile accident,0
1834,Automobile accident,0
1836,Automobile accident,0
1837,Automobile accident,0
1838,Automobile accident,0
1839,Automobile accident,0
1840,Automobile accident,0
1841,Automobile accident,0
1842,Automobile accident,0
1843,Automobile accident,0
1844,Automobile accident,0
1845,Automobile accident,0
1847,Automobile accident,0
1848,Automobile accident,0
1849,Automobile accident,0
1850,Automobile accident,0
1851,Automobile accident,0
1852,Automobile accident,0
1853,Automobile accident,0
1854,Automobile accident,0
1855,Automobile accident,0
1856,Automobile accident,0
1857,Automobile accident,0
1858,Automobile accident,0
1859,Automobile accident,0
1860,Automobile accident,0
1861,Automobile accident,0
1862,Automobile accident,0
1863,Automobile accident,0
1864,Automobile accident,0
1865,Automobile accident,0
1866,Automobile accident,0
1867,Automobile accident,0
1868,Automobile accident,0
1869,Automobile accident,0
1870,Automobile accident,0
1871,Automobile accident,0
1872,Automobile accident,0
1873,Automobile accident,0
1874,Automobile accident,0
1875,Automobile accident,0
1876,Automobile accident,0
1877,Automobile accident,0
1878,Automobile accident,0
1879,Automobile accident,0
1880,Automobile accident,0
1881,Automobile accident,0
1882,Automobile accident,0
1883,Automobile accident,0
1884,Automobile accident,0
1885,Automobile accident,0
1886,Automobile accident,0
1887,Automobile accident,0
1888,Automobile accident,0
1889,Automobile accident,0
1890,Automobile accident,0
1891,Automobile accident,0
1892,Automobile accident,0
1893,Automobile accident,0
1894,Automobile accident,0
1895,Automobile accident,0
1896,Automobile accident,0
1897,Automobile accident,0
1898,Automobile accident,0
1899,Automobile accident,1
1900,Automobile accident,1
1901,Automobile accident,0
1902,Automobile accident,0
1903,Automobile accident,0
1904,Automobile accident,1
1905,Automobile accident,0
1906,Automobile accident,1
1907,Automobile accident,0
1908,Automobile accident,0
1909,Automobile accident,0
1910,Automobile accident,1
1911,Automobile accident,2
1912,Automobile accident,0
1913,Automobile accident,4
1914,Automobile accident,4
1915,Automobile accident,1
1916,Automobile accident,3
1917,Automobile accident,4
1918,Automobile accident,4
1919,Automobile accident,8
1920,Automobile accident,7
1921,Automobile accident,8
1922,Automobile accident,5
1923,Automobile accident,10
1924,Automobile accident,15
1925,Automobile accident,7
1926,Automobile accident,8
1927,Automobile accident,20
1928,Automobile accident,16
1929,Automobile accident,23
1930,Automobile accident,10
1931,Automobile accident,22
1932,Automobile accident,18
1933,Automobile accident,16
1934,Automobile accident,24
1935,Automobile accident,17
1936,Automobile accident,18
1937,Automobile accident,24
1938,Automobile accident,23
1939,Automobile accident,20
1940,Automobile accident,12
1941,Automobile accident,27
1942,Automobile accident,14
1943,Automobile accident,6
1944,Automobile accident,12
1945,Automobile accident,8
1946,Automobile accident,18
1947,Automobile accident,15
1948,Automobile accident,23
1949,Automobile accident,12
1950,Automobile accident,16
1951,Automobile accident,31
1952,Automobile accident,18
1953,Automobile accident,20
1954,Automobile accident,16
1955,Automobile accident,21
1956,Automobile accident,20
1957,Automobile accident,19
1958,Automobile accident,20
1959,Automobile accident,21
1960,Automobile accident,24
1961,Automobile accident,27
1962,Automobile accident,28
1963,Automobile accident,26
1964,Automobile accident,30
1965,Automobile accident,22
1966,Automobile accident,25
1967,Automobile accident,26
1968,Automobile accident,33
1969,Automobile accident,21
1970,Automobile accident,29
1971,Automobile accident,26
1972,Automobile accident,32
1973,Automobile accident,31
1974,Automobile accident,26
1975,Automobile accident,14
1976,Automobile accident,16
1977,Automobile accident,24
1978,Automobile accident,27
1979,Automobile accident,21
1980,Automobile accident,21
1981,Automobile accident,22
1982,Automobile accident,22
1983,Automobile accident,24
1984,Automobile accident,28
1985,Automobile accident,23
1986,Automobile accident,28
1987,Automobile accident,30
1988,Automobile accident,31
1989,Automobile accident,29
1990,Automobile accident,20
1991,Automobile accident,20
1992,Automobile accident,26
1993,Automobile accident,28
1994,Automobile accident,33
1995,Automobile accident,33
1996,Automobile accident,28
1997,Automobile accident,39
1998,Automobile accident,47
1999,Automobile accident,39
2000,Automobile accident,37
2001,Automobile accident,34
2002,Automobile accident,37
2003,Automobile accident,40
2004,Automobile accident,34
2005,Automobile accident,34
2006,Automobile accident,36
2007,Automobile accident,49
2008,Automobile accident,36
2009,Automobile accident,34
2010,Automobile accident,44
2011,Automobile accident,35
2012,Automobile accident,23
2013,Automobile accident,26
2014,Automobile accident,27
2015,Automobile accident,27
2016,Automobile accident,8
1791,Motorcycle accident,0
1792,Motorcycle accident,0
1794,Motorcycle accident,0
1797,Motorcycle accident,0
1804,Motorcycle accident,0
1806,Motorcycle accident,0
1807,Motorcycle accident,0
1808,Motorcycle accident,0
1810,Motorcycle accident,0
1811,Motorcycle accident,0
1814,Motorcycle accident,0
1816,Motorcycle accident,0
1818,Motorcycle accident,0
1823,Motorcycle accident,0
1824,Motorcycle accident,0
1825,Motorcycle accident,0
1827,Motorcycle accident,0
1828,Motorcycle accident,0
1830,Motorcycle accident,0
1832,Motorcycle accident,0
1833,Motorcycle accident,0
1834,Motorcycle accident,0
1836,Motorcycle accident,0
1837,Motorcycle accident,0
1838,Motorcycle accident,0
1839,Motorcycle accident,0
1840,Motorcycle accident,0
1841,Motorcycle accident,0
1842,Motorcycle accident,0
1843,Motorcycle accident,0
1844,Motorcycle accident,0
1845,Motorcycle accident,0
1847,Motorcycle accident,0
1848,Motorcycle accident,0
1849,Motorcycle accident,0
1850,Motorcycle accident,0
1851,Motorcycle accident,0
1852,Motorcycle accident,0
1853,Motorcycle accident,0
1854,Motorcycle accident,0
1855,Motorcycle accident,0
1856,Motorcycle accident,0
1857,Motorcycle accident,0
1858,Motorcycle accident,0
1859,Motorcycle accident,0
1860,Motorcycle accident,0
1861,Motorcycle accident,0
1862,Motorcycle accident,0
1863,Motorcycle accident,0
1864,Motorcycle accident,0
1865,Motorcycle accident,0
1866,Motorcycle accident,0
1867,Motorcycle accident,0
1868,Motorcycle accident,0
1869,Motorcycle accident,0
1870,Motorcycle accident,0
1871,Motorcycle accident,0
1872,Motorcycle accident,0
1873,Motorcycle accident,0
1874,Motorcycle accident,0
1875,Motorcycle accident,0
1876,Motorcycle accident,0
1877,Motorcycle accident,0
1878,Motorcycle accident,0
1879,Motorcycle accident,0
1880,Motorcycle accident,0
1881,Motorcycle accident,0
1882,Motorcycle accident,0
1883,Motorcycle accident,0
1884,Motorcycle accident,0
1885,Motorcycle accident,0
1886,Motorcycle accident,0
1887,Motorcycle accident,0
1888,Motorcycle accident,0
1889,Motorcycle accident,0
1890,Motorcycle accident,0
1891,Motorcycle accident,0
1892,Motorcycle accident,0
1893,Motorcycle accident,0
1894,Motorcycle accident,0
1895,Motorcycle accident,0
1896,Motorcycle accident,0
1897,Motorcycle accident,0
1898,Motorcycle accident,0
1899,Motorcycle accident,0
1900,Motorcycle accident,0
1901,Motorcycle accident,0
1902,Motorcycle accident,0
1903,Motorcycle accident,0
1904,Motorcycle accident,0
1905,Motorcycle accident,0
1906,Motorcycle accident,0
1907,Motorcycle accident,0
1908,Motorcycle accident,0
1909,Motorcycle accident,0
1910,Motorcycle accident,0
1911,Motorcycle accident,1
1912,Motorcycle accident,1
1913,Motorcycle accident,1
1914,Motorcycle accident,3
1915,Motorcycle accident,3
1916,Motorcycle accident,8
1917,Motorcycle accident,5
1918,Motorcycle accident,6
1919,Motorcycle accident,4
1920,Motorcycle accident,9
1921,Motorcycle accident,16
1922,Motorcycle accident,20
1923,Motorcycle accident,26
1924,Motorcycle accident,22
1925,Motorcycle accident,32
1926,Motorcycle accident,24
1927,Motorcycle accident,32
1928,Motorcycle accident,24
1929,Motorcycle accident,34
1930,Motorcycle accident,48
1931,Motorcycle accident,24
1932,Motorcycle accident,34
1933,Motorcycle accident,27
1934,Motorcycle accident,29
1935,Motorcycle accident,34
1936,Motorcycle accident,21
1937,Motorcycle accident,26
1938,Motorcycle accident,30
1939,Motorcycle accident,17
1940,Motorcycle accident,17
1941,Motorcycle accident,16
1942,Motorcycle accident,14
1943,Motorcycle accident,12
1944,Motorcycle accident,12
1945,Motorcycle accident,17
1946,Motorcycle accident,15
1947,Motorcycle accident,8
1948,Motorcycle accident,11
1949,Motorcycle accident,7
1950,Motorcycle accident,12
1951,Motorcycle accident,16
1952,Motorcycle accident,9
1953,Motorcycle accident,12
1954,Motorcycle accident,10
1955,Motorcycle accident,7
1956,Motorcycle accident,8
1957,Motorcycle accident,10
1958,Motorcycle accident,8
1959,Motorcycle accident,8
1960,Motorcycle accident,10
1961,Motorcycle accident,14
1962,Motorcycle accident,7
1963,Motorcycle accident,9
1964,Motorcycle accident,8
1965,Motorcycle accident,7
1966,Motorcycle accident,13
1967,Motorcycle accident,10
1968,Motorcycle accident,10
1969,Motorcycle accident,9
1970,Motorcycle accident,9
1971,Motorcycle accident,7
1972,Motorcycle accident,1
1973,Motorcycle accident,6
1974,Motorcycle accident,6
1975,Motorcycle accident,7
1976,Motorcycle accident,3
1977,Motorcycle accident,3
1978,Motorcycle accident,2
1979,Motorcycle accident,7
1980,Motorcycle accident,5
1981,Motorcycle accident,4
1982,Motorcycle accident,3
1983,Motorcycle accident,9
1984,Motorcycle accident,4
1985,Motorcycle accident,3
1986,Motorcycle accident,7
1987,Motorcycle accident,4
1988,Motorcycle accident,5
1989,Motorcycle accident,6
1990,Motorcycle accident,7
1991,Motorcycle accident,2
1992,Motorcycle accident,6
1993,Motorcycle accident,1
1994,Motorcycle accident,8
1995,Motorcycle accident,2
1996,Motorcycle accident,4
1997,Motorcycle accident,4
1998,Motorcycle accident,4
1999,Motorcycle accident,6
2000,Motorcycle accident,11
2001,Motorcycle accident,7
2002,Motorcycle accident,6
2003,Motorcycle accident,8
2004,Motorcycle accident,8
2005,Motorcycle accident,4
2006,Motorcycle accident,8
2007,Motorcycle accident,8
2008,Motorcycle accident,9
2009,Motorcycle accident,3
2010,Motorcycle accident,5
2011,Motorcycle accident,5
2012,Motorcycle accident,5
2013,Motorcycle accident,5
2014,Motorcycle accident,4
2015,Motorcycle accident,3
2016,Motorcycle accident,3
1791,Heart attack,0
1792,Heart attack,0
1794,Heart attack,0
1797,Heart attack,0
1804,Heart attack,0
1806,Heart attack,0
1807,Heart attack,0
1808,Heart attack,0
1810,Heart attack,0
1811,Heart attack,0
1814,Heart attack,0
1816,Heart attack,0
1818,Heart attack,0
1823,Heart attack,0
1824,Heart attack,0
1825,Heart attack,0
1827,Heart attack,0
1828,Heart attack,0
1830,Heart attack,0
1832,Heart attack,0
1833,Heart attack,0
1834,Heart attack,0
1836,Heart attack,0
1837,Heart attack,0
1838,Heart attack,0
1839,Heart attack,0
1840,Heart attack,0
1841,Heart attack,0
1842,Heart attack,0
1843,Heart attack,0
1844,Heart attack,0
1845,Heart attack,0
1847,Heart attack,0
1848,Heart attack,0
1849,Heart attack,0
1850,Heart attack,0
1851,Heart attack,0
1852,Heart attack,0
1853,Heart attack,0
1854,Heart attack,0
1855,Heart attack,0
1856,Heart attack,0
1857,Heart attack,0
1858,Heart attack,0
1859,Heart attack,0
1860,Heart attack,0
1861,Heart attack,0
1862,Heart attack,0
1863,Heart attack,0
1864,Heart attack,0
1865,Heart attack,0
1866,Heart attack,0
1867,Heart attack,0
1868,Heart attack,1
1869,Heart attack,0
1870,Heart attack,0
1871,Heart attack,0
1872,Heart attack,0
1873,Heart attack,0
1874,Heart attack,1
1875,Heart attack,1
1876,Heart attack,1
1877,Heart attack,0
1878,Heart attack,0
1879,Heart attack,0
1880,Heart attack,0
1881,Heart attack,0
1882,Heart attack,1
1883,Heart attack,1
1884,Heart attack,0
1885,Heart attack,0
1886,Heart attack,0
1887,Heart attack,0
1888,Heart attack,0
1889,Heart attack,1
1890,Heart attack,1
1891,Heart attack,1
1892,Heart attack,1
1893,Heart attack,0
1894,Heart attack,2
1895,Heart attack,1
1896,Heart attack,0
1897,Heart attack,0
1898,Heart attack,0
1899,Heart attack,0
1900,Heart attack,0
1901,Heart attack,0
1902,Heart attack,1
1903,Heart attack,2
1904,Heart attack,2
1905,Heart attack,3
1906,Heart attack,2
1907,Heart attack,1
1908,Heart attack,1
1909,Heart attack,1
1910,Heart attack,0
1911,Heart attack,1
1912,Heart attack,1
1913,Heart attack,0
1914,Heart attack,0
1915,Heart attack,1
1916,Heart attack,0
1917,Heart attack,0
1918,Heart attack,0
1919,Heart attack,1
1920,Heart attack,3
1921,Heart attack,1
1922,Heart attack,1
1923,Heart attack,2
1924,Heart attack,2
1925,Heart attack,3
1926,Heart attack,2
1927,Heart attack,2
1928,Heart attack,2
1929,Heart attack,4
1930,Heart attack,5
1931,Heart attack,2
1932,Heart attack,3
1933,Heart attack,3
1934,Heart attack,7
1935,Heart attack,3
1936,Heart attack,7
1937,Heart attack,3
1938,Heart attack,7
1939,Heart attack,5
1940,Heart attack,4
1941,Heart attack,5
1942,Heart attack,3
1943,Heart attack,4
1944,Heart attack,8
1945,Heart attack,5
1946,Heart attack,7
1947,Heart attack,1
1948,Heart attack,6
1949,Heart attack,12
1950,Heart attack,5
1951,Heart attack,7
1952,Heart attack,4
1953,Heart attack,8
1954,Heart attack,7
1955,Heart attack,12
1956,Heart attack,13
1957,Heart attack,9
1958,Heart attack,6
1959,Heart attack,7
1960,Heart attack,10
1961,Heart attack,11
1962,Heart attack,14
1963,Heart attack,13
1964,Heart attack,11
1965,Heart attack,9
1966,Heart attack,13
1967,Heart attack,19
1968,Heart attack,14
1969,Heart attack,20
1970,Heart attack,8
1971,Heart attack,14
1972,Heart attack,9
1973,Heart attack,16
1974,Heart attack,20
1975,Heart attack,14
1976,Heart attack,11
1977,Heart attack,8
1978,Heart attack,18
1979,Heart attack,15
1980,Heart attack,15
1981,Heart attack,15
1982,Heart attack,7
1983,Heart attack,11
1984,Heart attack,15
1985,Heart attack,11
1986,Heart attack,8
1987,Heart attack,14
1988,Heart attack,19
1989,Heart attack,15
1990,Heart attack,9
1991,Heart attack,9
1992,Heart attack,17
1993,Heart attack,7
1994,Heart attack,8
1995,Heart attack,18
1996,Heart attack,16
1997,Heart attack,15
1998,Heart attack,17
1999,Heart attack,22
2000,Heart attack,8
2001,Heart attack,6
2002,Heart attack,11
2003,Heart attack,7
2004,Heart attack,16
2005,Heart attack,20
2006,Heart attack,16
2007,Heart attack,12
2008,Heart attack,13
2009,Heart attack,10
2010,Heart attack,19
2011,Heart attack,13
2012,Heart attack,10
2013,Heart attack,10
2014,Heart attack,20
2015,Heart attack,17
2016,Heart attack,4
1791,Vehicular assault,0
1792,Vehicular assault,0
1794,Vehicular assault,0
1797,Vehicular assault,0
1804,Vehicular assault,0
1806,Vehicular assault,0
1807,Vehicular assault,0
1808,Vehicular assault,0
1810,Vehicular assault,0
1811,Vehicular assault,0
1814,Vehicular assault,0
1816,Vehicular assault,0
1818,Vehicular assault,0
1823,Vehicular assault,0
1824,Vehicular assault,0
1825,Vehicular assault,0
1827,Vehicular assault,0
1828,Vehicular assault,0
1830,Vehicular assault,0
1832,Vehicular assault,0
1833,Vehicular assault,0
1834,Vehicular assault,0
1836,Vehicular assault,0
1837,Vehicular assault,0
1838,Vehicular assault,0
1839,Vehicular assault,0
1840,Vehicular assault,0
1841,Vehicular assault,0
1842,Vehicular assault,0
1843,Vehicular assault,0
1844,Vehicular assault,0
1845,Vehicular assault,0
1847,Vehicular assault,0
1848,Vehicular assault,0
1849,Vehicular assault,0
1850,Vehicular assault,0
1851,Vehicular assault,0
1852,Vehicular assault,0
1853,Vehicular assault,0
1854,Vehicular assault,0
1855,Vehicular assault,0
1856,Vehicular assault,0
1857,Vehicular assault,0
1858,Vehicular assault,0
1859,Vehicular assault,0
1860,Vehicular assault,0
1861,Vehicular assault,0
1862,Vehicular assault,0
1863,Vehicular assault,0
1864,Vehicular assault,0
1865,Vehicular assault,0
1866,Vehicular assault,0
1867,Vehicular assault,0
1868,Vehicular assault,0
1869,Vehicular assault,0
1870,Vehicular assault,0
1871,Vehicular assault,0
1872,Vehicular assault,0
1873,Vehicular assault,0
1874,Vehicular assault,0
1875,Vehicular assault,0
1876,Vehicular assault,0
1877,Vehicular assault,0
1878,Vehicular assault,0
1879,Vehicular assault,0
1880,Vehicular assault,0
1881,Vehicular assault,0
1882,Vehicular assault,0
1883,Vehicular assault,0
1884,Vehicular assault,0
1885,Vehicular assault,0
1886,Vehicular assault,0
1887,Vehicular assault,0
1888,Vehicular assault,0
1889,Vehicular assault,0
1890,Vehicular assault,0
1891,Vehicular assault,0
1892,Vehicular assault,0
1893,Vehicular assault,0
1894,Vehicular assault,0
1895,Vehicular assault,0
1896,Vehicular assault,0
1897,Vehicular assault,0
1898,Vehicular assault,0
1899,Vehicular assault,0
1900,Vehicular assault,0
1901,Vehicular assault,0
1902,Vehicular assault,0
1903,Vehicular assault,0
1904,Vehicular assault,0
1905,Vehicular assault,0
1906,Vehicular assault,0
1907,Vehicular assault,0
1908,Vehicular assault,0
1909,Vehicular assault,0
1910,Vehicular assault,0
1911,Vehicular assault,0
1912,Vehicular assault,0
1913,Vehicular assault,0
1914,Vehicular assault,2
1915,Vehicular assault,3
1916,Vehicular assault,0
1917,Vehicular assault,3
1918,Vehicular assault,3
1919,Vehicular assault,0
1920,Vehicular assault,3
1921,Vehicular assault,7
1922,Vehicular assault,3
1923,Vehicular assault,3
1924,Vehicular assault,5
1925,Vehicular assault,5
1926,Vehicular assault,4
1927,Vehicular assault,4
1928,Vehicular assault,9
1929,Vehicular assault,7
1930,Vehicular assault,9
1931,Vehicular assault,10
1932,Vehicular assault,6
1933,Vehicular assault,4
1934,Vehicular assault,7
1935,Vehicular assault,6
1936,Vehicular assault,11
1937,Vehicular assault,10
1938,Vehicular assault,3
1939,Vehicular assault,4
1940,Vehicular assault,5
1941,Vehicular assault,11
1942,Vehicular assault,7
1943,Vehicular assault,6
1944,Vehicular assault,4
1945,Vehicular assault,2
1946,Vehicular assault,8
1947,Vehicular assault,4
1948,Vehicular assault,4
1949,Vehicular assault,2
1950,Vehicular assault,5
1951,Vehicular assault,5
1952,Vehicular assault,4
1953,Vehicular assault,4
1954,Vehicular assault,5
1955,Vehicular assault,7
1956,Vehicular assault,6
1957,Vehicular assault,4
1958,Vehicular assault,10
1959,Vehicular assault,10
1960,Vehicular assault,4
1961,Vehicular assault,4
1962,Vehicular assault,7
1963,Vehicular assault,5
1964,Vehicular assault,8
1965,Vehicular assault,5
1966,Vehicular assault,8
1967,Vehicular assault,9
1968,Vehicular assault,12
1969,Vehicular assault,10
1970,Vehicular assault,9
1971,Vehicular assault,4
1972,Vehicular assault,8
1973,Vehicular assault,8
1974,Vehicular assault,15
1975,Vehicular assault,11
1976,Vehicular assault,17
1977,Vehicular assault,20
1978,Vehicular assault,11
1979,Vehicular assault,13
1980,Vehicular assault,14
1981,Vehicular assault,18
1982,Vehicular assault,18
1983,Vehicular assault,12
1984,Vehicular assault,7
1985,Vehicular assault,14
1986,Vehicular assault,13
1987,Vehicular assault,10
1988,Vehicular assault,9
1989,Vehicular assault,20
1990,Vehicular assault,16
1991,Vehicular assault,8
1992,Vehicular assault,19
1993,Vehicular assault,15
1994,Vehicular assault,6
1995,Vehicular assault,8
1996,Vehicular assault,11
1997,Vehicular assault,11
1998,Vehicular assault,10
1999,Vehicular assault,9
2000,Vehicular assault,14
2001,Vehicular assault,18
2002,Vehicular assault,12
2003,Vehicular assault,9
2004,Vehicular assault,18
2005,Vehicular assault,15
2006,Vehicular assault,17
2007,Vehicular assault,10
2008,Vehicular assault,13
2009,Vehicular assault,9
2010,Vehicular assault,13
2011,Vehicular assault,12
2012,Vehicular assault,11
2013,Vehicular assault,5
2014,Vehicular assault,10
2015,Vehicular assault,8
2016,Vehicular assault,8
1791,Struck by vehicle,0
1792,Struck by vehicle,0
1794,Struck by vehicle,0
1797,Struck by vehicle,0
1804,Struck by vehicle,0
1806,Struck by vehicle,0
1807,Struck by vehicle,0
1808,Struck by vehicle,0
1810,Struck by vehicle,0
1811,Struck by vehicle,0
1814,Struck by vehicle,0
1816,Struck by vehicle,0
1818,Struck by vehicle,0
1823,Struck by vehicle,0
1824,Struck by vehicle,0
1825,Struck by vehicle,0
1827,Struck by vehicle,0
1828,Struck by vehicle,0
1830,Struck by vehicle,0
1832,Struck by vehicle,0
1833,Struck by vehicle,0
1834,Struck by vehicle,0
1836,Struck by vehicle,0
1837,Struck by vehicle,0
1838,Struck by vehicle,0
1839,Struck by vehicle,0
1840,Struck by vehicle,0
1841,Struck by vehicle,0
1842,Struck by vehicle,0
1843,Struck by vehicle,0
1844,Struck by vehicle,0
1845,Struck by vehicle,0
1847,Struck by vehicle,0
1848,Struck by vehicle,0
1849,Struck by vehicle,0
1850,Struck by vehicle,0
1851,Struck by vehicle,0
1852,Struck by vehicle,0
1853,Struck by vehicle,0
1854,Struck by vehicle,0
1855,Struck by vehicle,0
1856,Struck by vehicle,0
1857,Struck by vehicle,0
1858,Struck by vehicle,0
1859,Struck by vehicle,0
1860,Struck by vehicle,0
1861,Struck by vehicle,0
1862,Struck by vehicle,0
1863,Struck by vehicle,0
1864,Struck by vehicle,0
1865,Struck by vehicle,0
1866,Struck by vehicle,0
1867,Struck by vehicle,0
1868,Struck by vehicle,0
1869,Struck by vehicle,0
1870,Struck by vehicle,0
1871,Struck by vehicle,0
1872,Struck by vehicle,0
1873,Struck by vehicle,0
1874,Struck by vehicle,0
1875,Struck by vehicle,0
1876,Struck by vehicle,0
1877,Struck by vehicle,0
1878,Struck by vehicle,0
1879,Struck by vehicle,0
1880,Struck by vehicle,0
1881,Struck by vehicle,0
1882,Struck by vehicle,0
1883,Struck by vehicle,0
1884,Struck by vehicle,0
1885,Struck by vehicle,0
1886,Struck by vehicle,0
1887,Struck by vehicle,0
1888,Struck by vehicle,0
1889,Struck by vehicle,0
1890,Struck by vehicle,0
1891,Struck by vehicle,0
1892,Struck by vehicle,0
1893,Struck by vehicle,0
1894,Struck by vehicle,0
1895,Struck by vehicle,0
1896,Struck by vehicle,0
1897,Struck by vehicle,0
1898,Struck by vehicle,0
1899,Struck by vehicle,1
1900,Struck by vehicle,0
1901,Struck by vehicle,1
1902,Struck by vehicle,0
1903,Struck by vehicle,0
1904,Struck by vehicle,0
1905,Struck by vehicle,2
1906,Struck by vehicle,0
1907,Struck by vehicle,0
1908,Struck by vehicle,2
1909,Struck by vehicle,0
1910,Struck by vehicle,0
1911,Struck by vehicle,1
1912,Struck by vehicle,2
1913,Struck by vehicle,3
1914,Struck by vehicle,1
1915,Struck by vehicle,4
1916,Struck by vehicle,7
1917,Struck by vehicle,2
1918,Struck by vehicle,3
1919,Struck by vehicle,6
1920,Struck by vehicle,4
1921,Struck by vehicle,6
1922,Struck by vehicle,4
1923,Struck by vehicle,6
1924,Struck by vehicle,7
1925,Struck by vehicle,9
1926,Struck by vehicle,5
1927,Struck by vehicle,10
1928,Struck by vehicle,4
1929,Struck by vehicle,15
1930,Struck by vehicle,18
1931,Struck by vehicle,21
1932,Struck by vehicle,11
1933,Struck by vehicle,5
1934,Struck by vehicle,13
1935,Struck by vehicle,13
1936,Struck by vehicle,10
1937,Struck by vehicle,16
1938,Struck by vehicle,9
1939,Struck by vehicle,4
1940,Struck by vehicle,4
1941,Struck by vehicle,11
1942,Struck by vehicle,9
1943,Struck by vehicle,0
1944,Struck by vehicle,4
1945,Struck by vehicle,5
1946,Struck by vehicle,8
1947,Struck by vehicle,3
1948,Struck by vehicle,10
1949,Struck by vehicle,5
1950,Struck by vehicle,6
1951,Struck by vehicle,5
1952,Struck by vehicle,5
1953,Struck by vehicle,6
1954,Struck by vehicle,16
1955,Struck by vehicle,9
1956,Struck by vehicle,5
1957,Struck by vehicle,4
1958,Struck by vehicle,6
1959,Struck by vehicle,10
1960,Struck by vehicle,7
1961,Struck by vehicle,6
1962,Struck by vehicle,9
1963,Struck by vehicle,8
1964,Struck by vehicle,9
1965,Struck by vehicle,9
1966,Struck by vehicle,2
1967,Struck by vehicle,8
1968,Struck by vehicle,8
1969,Struck by vehicle,3
1970,Struck by vehicle,7
1971,Struck by vehicle,11
1972,Struck by vehicle,11
1973,Struck by vehicle,7
1974,Struck by vehicle,12
1975,Struck by vehicle,12
1976,Struck by vehicle,1
1977,Struck by vehicle,6
1978,Struck by vehicle,13
1979,Struck by vehicle,5
1980,Struck by vehicle,11
1981,Struck by vehicle,10
1982,Struck by vehicle,14
1983,Struck by vehicle,12
1984,Struck by vehicle,12
1985,Struck by vehicle,12
1986,Struck by vehicle,10
1987,Struck by vehicle,16
1988,Struck by vehicle,16
1989,Struck by vehicle,11
1990,Struck by vehicle,8
1991,Struck by vehicle,5
1992,Struck by vehicle,6
1993,Struck by vehicle,2
1994,Struck by vehicle,9
1995,Struck by vehicle,9
1996,Struck by vehicle,1
1997,Struck by vehicle,15
1998,Struck by vehicle,10
1999,Struck by vehicle,8
2000,Struck by vehicle,9
2001,Struck by vehicle,11
2002,Struck by vehicle,6
2003,Struck by vehicle,7
2004,Struck by vehicle,8
2005,Struck by vehicle,11
2006,Struck by vehicle,9
2007,Struck by vehicle,9
2008,Struck by vehicle,12
2009,Struck by vehicle,8
2010,Struck by vehicle,7
2011,Struck by vehicle,4
2012,Struck by vehicle,6
2013,Struck by vehicle,8
2014,Struck by vehicle,5
2015,Struck by vehicle,4
2016,Struck by vehicle,2
1791,Gunfire (Accidental),0
1792,Gunfire (Accidental),0
1794,Gunfire (Accidental),0
1797,Gunfire (Accidental),0
1804,Gunfire (Accidental),0
1806,Gunfire (Accidental),0
1807,Gunfire (Accidental),0
1808,Gunfire (Accidental),0
1810,Gunfire (Accidental),0
1811,Gunfire (Accidental),0
1814,Gunfire (Accidental),0
1816,Gunfire (Accidental),0
1818,Gunfire (Accidental),0
1823,Gunfire (Accidental),0
1824,Gunfire (Accidental),0
1825,Gunfire (Accidental),0
1827,Gunfire (Accidental),0
1828,Gunfire (Accidental),0
1830,Gunfire (Accidental),0
1832,Gunfire (Accidental),0
1833,Gunfire (Accidental),0
1834,Gunfire (Accidental),0
1836,Gunfire (Accidental),0
1837,Gunfire (Accidental),0
1838,Gunfire (Accidental),0
1839,Gunfire (Accidental),0
1840,Gunfire (Accidental),0
1841,Gunfire (Accidental),0
1842,Gunfire (Accidental),0
1843,Gunfire (Accidental),0
1844,Gunfire (Accidental),0
1845,Gunfire (Accidental),0
1847,Gunfire (Accidental),0
1848,Gunfire (Accidental),0
1849,Gunfire (Accidental),0
1850,Gunfire (Accidental),0
1851,Gunfire (Accidental),0
1852,Gunfire (Accidental),0
1853,Gunfire (Accidental),0
1854,Gunfire (Accidental),0
1855,Gunfire (Accidental),0
1856,Gunfire (Accidental),1
1857,Gunfire (Accidental),0
1858,Gunfire (Accidental),1
1859,Gunfire (Accidental),0
1860,Gunfire (Accidental),0
1861,Gunfire (Accidental),0
1862,Gunfire (Accidental),0
1863,Gunfire (Accidental),0
1864,Gunfire (Accidental),0
1865,Gunfire (Accidental),0
1866,Gunfire (Accidental),0
1867,Gunfire (Accidental),0
1868,Gunfire (Accidental),0
1869,Gunfire (Accidental),1
1870,Gunfire (Accidental),0
1871,Gunfire (Accidental),2
1872,Gunfire (Accidental),0
1873,Gunfire (Accidental),1
1874,Gunfire (Accidental),0
1875,Gunfire (Accidental),1
1876,Gunfire (Accidental),1
1877,Gunfire (Accidental),1
1878,Gunfire (Accidental),2
1879,Gunfire (Accidental),0
1880,Gunfire (Accidental),1
1881,Gunfire (Accidental),1
1882,Gunfire (Accidental),2
1883,Gunfire (Accidental),1
1884,Gunfire (Accidental),3
1885,Gunfire (Accidental),0
1886,Gunfire (Accidental),1
1887,Gunfire (Accidental),2
1888,Gunfire (Accidental),1
1889,Gunfire (Accidental),0
1890,Gunfire (Accidental),2
1891,Gunfire (Accidental),4
1892,Gunfire (Accidental),3
1893,Gunfire (Accidental),1
1894,Gunfire (Accidental),3
1895,Gunfire (Accidental),4
1896,Gunfire (Accidental),0
1897,Gunfire (Accidental),4
1898,Gunfire (Accidental),1
1899,Gunfire (Accidental),3
1900,Gunfire (Accidental),3
1901,Gunfire (Accidental),5
1902,Gunfire (Accidental),3
1903,Gunfire (Accidental),4
1904,Gunfire (Accidental),11
1905,Gunfire (Accidental),4
1906,Gunfire (Accidental),4
1907,Gunfire (Accidental),5
1908,Gunfire (Accidental),9
1909,Gunfire (Accidental),5
1910,Gunfire (Accidental),0
1911,Gunfire (Accidental),10
1912,Gunfire (Accidental),0
1913,Gunfire (Accidental),6
1914,Gunfire (Accidental),6
1915,Gunfire (Accidental),4
1916,Gunfire (Accidental),3
1917,Gunfire (Accidental),8
1918,Gunfire (Accidental),5
1919,Gunfire (Accidental),3
1920,Gunfire (Accidental),6
1921,Gunfire (Accidental),8
1922,Gunfire (Accidental),10
1923,Gunfire (Accidental),11
1924,Gunfire (Accidental),6
1925,Gunfire (Accidental),12
1926,Gunfire (Accidental),6
1927,Gunfire (Accidental),10
1928,Gunfire (Accidental),7
1929,Gunfire (Accidental),7
1930,Gunfire (Accidental),5
1931,Gunfire (Accidental),6
1932,Gunfire (Accidental),7
1933,Gunfire (Accidental),3
1934,Gunfire (Accidental),5
1935,Gunfire (Accidental),7
1936,Gunfire (Accidental),9
1937,Gunfire (Accidental),5
1938,Gunfire (Accidental),7
1939,Gunfire (Accidental),2
1940,Gunfire (Accidental),0
1941,Gunfire (Accidental),4
1942,Gunfire (Accidental),7
1943,Gunfire (Accidental),4
1944,Gunfire (Accidental),2
1945,Gunfire (Accidental),4
1946,Gunfire (Accidental),3
1947,Gunfire (Accidental),6
1948,Gunfire (Accidental),3
1949,Gunfire (Accidental),2
1950,Gunfire (Accidental),1
1951,Gunfire (Accidental),1
1952,Gunfire (Accidental),4
1953,Gunfire (Accidental),4
1954,Gunfire (Accidental),2
1955,Gunfire (Accidental),2
1956,Gunfire (Accidental),2
1957,Gunfire (Accidental),1
1958,Gunfire (Accidental),4
1959,Gunfire (Accidental),1
1960,Gunfire (Accidental),4
1961,Gunfire (Accidental),3
1962,Gunfire (Accidental),3
1963,Gunfire (Accidental),1
1964,Gunfire (Accidental),2
1965,Gunfire (Accidental),4
1966,Gunfire (Accidental),2
1967,Gunfire (Accidental),8
1968,Gunfire (Accidental),8
1969,Gunfire (Accidental),4
1970,Gunfire (Accidental),6
1971,Gunfire (Accidental),5
1972,Gunfire (Accidental),8
1973,Gunfire (Accidental),13
1974,Gunfire (Accidental),6
1975,Gunfire (Accidental),9
1976,Gunfire (Accidental),5
1977,Gunfire (Accidental),4
1978,Gunfire (Accidental),5
1979,Gunfire (Accidental),9
1980,Gunfire (Accidental),5
1981,Gunfire (Accidental),6
1982,Gunfire (Accidental),5
1983,Gunfire (Accidental),5
1984,Gunfire (Accidental),8
1985,Gunfire (Accidental),5
1986,Gunfire (Accidental),8
1987,Gunfire (Accidental),7
1988,Gunfire (Accidental),8
1989,Gunfire (Accidental),4
1990,Gunfire (Accidental),5
1991,Gunfire (Accidental),1
1992,Gunfire (Accidental),3
1993,Gunfire (Accidental),6
1994,Gunfire (Accidental),2
1995,Gunfire (Accidental),3
1996,Gunfire (Accidental),3
1997,Gunfire (Accidental),1
1998,Gunfire (Accidental),2
1999,Gunfire (Accidental),2
2000,Gunfire (Accidental),3
2001,Gunfire (Accidental),6
2002,Gunfire (Accidental),3
2003,Gunfire (Accidental),2
2004,Gunfire (Accidental),4
2005,Gunfire (Accidental),7
2006,Gunfire (Accidental),3
2007,Gunfire (Accidental),4
2008,Gunfire (Accidental),2
2009,Gunfire (Accidental),3
2010,Gunfire (Accidental),2
2011,Gunfire (Accidental),5
2012,Gunfire (Accidental),2
2013,Gunfire (Accidental),2
2014,Gunfire (Accidental),2
2015,Gunfire (Accidental),2
2016,Gunfire (Accidental),1
1791,Aircraft accident,0
1792,Aircraft accident,0
1794,Aircraft accident,0
1797,Aircraft accident,0
1804,Aircraft accident,0
1806,Aircraft accident,0
1807,Aircraft accident,0
1808,Aircraft accident,0
1810,Aircraft accident,0
1811,Aircraft accident,0
1814,Aircraft accident,0
1816,Aircraft accident,0
1818,Aircraft accident,0
1823,Aircraft accident,0
1824,Aircraft accident,0
1825,Aircraft accident,0
1827,Aircraft accident,0
1828,Aircraft accident,0
1830,Aircraft accident,0
1832,Aircraft accident,0
1833,Aircraft accident,0
1834,Aircraft accident,0
1836,Aircraft accident,0
1837,Aircraft accident,0
1838,Aircraft accident,0
1839,Aircraft accident,0
1840,Aircraft accident,0
1841,Aircraft accident,0
1842,Aircraft accident,0
1843,Aircraft accident,0
1844,Aircraft accident,0
1845,Aircraft accident,0
1847,Aircraft accident,0
1848,Aircraft accident,0
1849,Aircraft accident,0
1850,Aircraft accident,0
1851,Aircraft accident,0
1852,Aircraft accident,0
1853,Aircraft accident,0
1854,Aircraft accident,0
1855,Aircraft accident,0
1856,Aircraft accident,0
1857,Aircraft accident,0
1858,Aircraft accident,0
1859,Aircraft accident,0
1860,Aircraft accident,0
1861,Aircraft accident,0
1862,Aircraft accident,0
1863,Aircraft accident,0
1864,Aircraft accident,0
1865,Aircraft accident,0
1866,Aircraft accident,0
1867,Aircraft accident,0
1868,Aircraft accident,0
1869,Aircraft accident,0
1870,Aircraft accident,0
1871,Aircraft accident,0
1872,Aircraft accident,0
1873,Aircraft accident,0
1874,Aircraft accident,0
1875,Aircraft accident,0
1876,Aircraft accident,0
1877,Aircraft accident,0
1878,Aircraft accident,0
1879,Aircraft accident,0
1880,Aircraft accident,0
1881,Aircraft accident,0
1882,Aircraft accident,0
1883,Aircraft accident,0
1884,Aircraft accident,0
1885,Aircraft accident,0
1886,Aircraft accident,0
1887,Aircraft accident,0
1888,Aircraft accident,0
1889,Aircraft accident,0
1890,Aircraft accident,0
1891,Aircraft accident,0
1892,Aircraft accident,0
1893,Aircraft accident,0
1894,Aircraft accident,0
1895,Aircraft accident,0
1896,Aircraft accident,0
1897,Aircraft accident,0
1898,Aircraft accident,0
1899,Aircraft accident,0
1900,Aircraft accident,0
1901,Aircraft accident,0
1902,Aircraft accident,0
1903,Aircraft accident,0
1904,Aircraft accident,0
1905,Aircraft accident,0
1906,Aircraft accident,0
1907,Aircraft accident,0
1908,Aircraft accident,0
1909,Aircraft accident,0
1910,Aircraft accident,0
1911,Aircraft accident,0
1912,Aircraft accident,0
1913,Aircraft accident,0
1914,Aircraft accident,0
1915,Aircraft accident,0
1916,Aircraft accident,0
1917,Aircraft accident,0
1918,Aircraft accident,0
1919,Aircraft accident,0
1920,Aircraft accident,0
1921,Aircraft accident,0
1922,Aircraft accident,0
1923,Aircraft accident,0
1924,Aircraft accident,0
1925,Aircraft accident,0
1926,Aircraft accident,0
1927,Aircraft accident,1
1928,Aircraft accident,1
1929,Aircraft accident,0
1930,Aircraft accident,1
1931,Aircraft accident,0
1932,Aircraft accident,3
1933,Aircraft accident,2
1934,Aircraft accident,0
1935,Aircraft accident,0
1936,Aircraft accident,1
1937,Aircraft accident,0
1938,Aircraft accident,1
1939,Aircraft accident,0
1940,Aircraft accident,0
1941,Aircraft accident,2
1942,Aircraft accident,1
1943,Aircraft accident,2
1944,Aircraft accident,0
1945,Aircraft accident,2
1946,Aircraft accident,1
1947,Aircraft accident,2
1948,Aircraft accident,4
1949,Aircraft accident,1
1950,Aircraft accident,5
1951,Aircraft accident,1
1952,Aircraft accident,1
1953,Aircraft accident,0
1954,Aircraft accident,3
1955,Aircraft accident,2
1956,Aircraft accident,5
1957,Aircraft accident,4
1958,Aircraft accident,2
1959,Aircraft accident,1
1960,Aircraft accident,4
1961,Aircraft accident,3
1962,Aircraft accident,1
1963,Aircraft accident,1
1964,Aircraft accident,3
1965,Aircraft accident,0
1966,Aircraft accident,4
1967,Aircraft accident,2
1968,Aircraft accident,3
1969,Aircraft accident,2
1970,Aircraft accident,5
1971,Aircraft accident,7
1972,Aircraft accident,5
1973,Aircraft accident,16
1974,Aircraft accident,20
1975,Aircraft accident,8
1976,Aircraft accident,5
1977,Aircraft accident,5
1978,Aircraft accident,9
1979,Aircraft accident,12
1980,Aircraft accident,9
1981,Aircraft accident,11
1982,Aircraft accident,11
1983,Aircraft accident,12
1984,Aircraft accident,14
1985,Aircraft accident,8
1986,Aircraft accident,12
1987,Aircraft accident,5
1988,Aircraft accident,7
1989,Aircraft accident,11
1990,Aircraft accident,12
1991,Aircraft accident,8
1992,Aircraft accident,5
1993,Aircraft accident,10
1994,Aircraft accident,11
1995,Aircraft accident,9
1996,Aircraft accident,2
1997,Aircraft accident,5
1998,Aircraft accident,4
1999,Aircraft accident,4
2000,Aircraft accident,7
2001,Aircraft accident,5
2002,Aircraft accident,7
2003,Aircraft accident,1
2004,Aircraft accident,3
2005,Aircraft accident,2
2006,Aircraft accident,3
2007,Aircraft accident,3
2008,Aircraft accident,3
2009,Aircraft accident,4
2010,Aircraft accident,2
2011,Aircraft accident,1
2012,Aircraft accident,3
2013,Aircraft accident,1
2014,Aircraft accident,0
2015,Aircraft accident,1
2016,Aircraft accident,1
1791,Terrorist attack,0
1792,Terrorist attack,0
1794,Terrorist attack,0
1797,Terrorist attack,0
1804,Terrorist attack,0
1806,Terrorist attack,0
1807,Terrorist attack,0
1808,Terrorist attack,0
1810,Terrorist attack,0
1811,Terrorist attack,0
1814,Terrorist attack,0
1816,Terrorist attack,0
1818,Terrorist attack,0
1823,Terrorist attack,0
1824,Terrorist attack,0
1825,Terrorist attack,0
1827,Terrorist attack,0
1828,Terrorist attack,0
1830,Terrorist attack,0
1832,Terrorist attack,0
1833,Terrorist attack,0
1834,Terrorist attack,0
1836,Terrorist attack,0
1837,Terrorist attack,0
1838,Terrorist attack,0
1839,Terrorist attack,0
1840,Terrorist attack,0
1841,Terrorist attack,0
1842,Terrorist attack,0
1843,Terrorist attack,0
1844,Terrorist attack,0
1845,Terrorist attack,0
1847,Terrorist attack,0
1848,Terrorist attack,0
1849,Terrorist attack,0
1850,Terrorist attack,0
1851,Terrorist attack,0
1852,Terrorist attack,0
1853,Terrorist attack,0
1854,Terrorist attack,0
1855,Terrorist attack,0
1856,Terrorist attack,0
1857,Terrorist attack,0
1858,Terrorist attack,0
1859,Terrorist attack,0
1860,Terrorist attack,0
1861,Terrorist attack,0
1862,Terrorist attack,0
1863,Terrorist attack,0
1864,Terrorist attack,0
1865,Terrorist attack,0
1866,Terrorist attack,0
1867,Terrorist attack,0
1868,Terrorist attack,0
1869,Terrorist attack,0
1870,Terrorist attack,0
1871,Terrorist attack,0
1872,Terrorist attack,0
1873,Terrorist attack,0
1874,Terrorist attack,0
1875,Terrorist attack,0
1876,Terrorist attack,0
1877,Terrorist attack,0
1878,Terrorist attack,0
1879,Terrorist attack,0
1880,Terrorist attack,0
1881,Terrorist attack,0
1882,Terrorist attack,0
1883,Terrorist attack,0
1884,Terrorist attack,0
1885,Terrorist attack,0
1886,Terrorist attack,0
1887,Terrorist attack,0
1888,Terrorist attack,0
1889,Terrorist attack,0
1890,Terrorist attack,0
1891,Terrorist attack,0
1892,Terrorist attack,0
1893,Terrorist attack,0
1894,Terrorist attack,0
1895,Terrorist attack,0
1896,Terrorist attack,0
1897,Terrorist attack,0
1898,Terrorist attack,0
1899,Terrorist attack,0
1900,Terrorist attack,0
1901,Terrorist attack,0
1902,Terrorist attack,0
1903,Terrorist attack,0
1904,Terrorist attack,0
1905,Terrorist attack,0
1906,Terrorist attack,0
1907,Terrorist attack,0
1908,Terrorist attack,0
1909,Terrorist attack,0
1910,Terrorist attack,0
1911,Terrorist attack,0
1912,Terrorist attack,0
1913,Terrorist attack,0
1914,Terrorist attack,0
1915,Terrorist attack,0
1916,Terrorist attack,0
1917,Terrorist attack,0
1918,Terrorist attack,0
1919,Terrorist attack,0
1920,Terrorist attack,0
1921,Terrorist attack,0
1922,Terrorist attack,0
1923,Terrorist attack,0
1924,Terrorist attack,0
1925,Terrorist attack,0
1926,Terrorist attack,0
1927,Terrorist attack,0
1928,Terrorist attack,0
1929,Terrorist attack,0
1930,Terrorist attack,0
1931,Terrorist attack,0
1932,Terrorist attack,0
1933,Terrorist attack,0
1934,Terrorist attack,0
1935,Terrorist attack,0
1936,Terrorist attack,0
1937,Terrorist attack,0
1938,Terrorist attack,0
1939,Terrorist attack,0
1940,Terrorist attack,0
1941,Terrorist attack,0
1942,Terrorist attack,0
1943,Terrorist attack,0
1944,Terrorist attack,0
1945,Terrorist attack,0
1946,Terrorist attack,0
1947,Terrorist attack,0
1948,Terrorist attack,0
1949,Terrorist attack,0
1950,Terrorist attack,0
1951,Terrorist attack,0
1952,Terrorist attack,0
1953,Terrorist attack,0
1954,Terrorist attack,0
1955,Terrorist attack,0
1956,Terrorist attack,0
1957,Terrorist attack,0
1958,Terrorist attack,0
1959,Terrorist attack,0
1960,Terrorist attack,0
1961,Terrorist attack,0
1962,Terrorist attack,0
1963,Terrorist attack,0
1964,Terrorist attack,0
1965,Terrorist attack,0
1966,Terrorist attack,0
1967,Terrorist attack,0
1968,Terrorist attack,0
1969,Terrorist attack,0
1970,Terrorist attack,0
1971,Terrorist attack,0
1972,Terrorist attack,0
1973,Terrorist attack,0
1974,Terrorist attack,0
1975,Terrorist attack,0
1976,Terrorist attack,1
1977,Terrorist attack,0
1978,Terrorist attack,0
1979,Terrorist attack,0
1980,Terrorist attack,0
1981,Terrorist attack,0
1982,Terrorist attack,0
1983,Terrorist attack,0
1984,Terrorist attack,0
1985,Terrorist attack,0
1986,Terrorist attack,0
1987,Terrorist attack,0
1988,Terrorist attack,3
1989,Terrorist attack,0
1990,Terrorist attack,0
1991,Terrorist attack,0
1992,Terrorist attack,0
1993,Terrorist attack,0
1994,Terrorist attack,0
1995,Terrorist attack,8
1996,Terrorist attack,0
1997,Terrorist attack,0
1998,Terrorist attack,0
1999,Terrorist attack,0
2000,Terrorist attack,0
2001,Terrorist attack,72
2002,Terrorist attack,0
2003,Terrorist attack,0
2004,Terrorist attack,0
2005,Terrorist attack,0
2006,Terrorist attack,0
2007,Terrorist attack,0
2008,Terrorist attack,0
2009,Terrorist attack,0
2010,Terrorist attack,0
2011,Terrorist attack,0
2012,Terrorist attack,0
2013,Terrorist attack,0
2014,Terrorist attack,0
2015,Terrorist attack,0
2016,Terrorist attack,0
1791,other,0
1792,other,0
1794,other,0
1797,other,0
1804,other,0
1806,other,1
1807,other,0
1808,other,2
1810,other,0
1811,other,0
1814,other,0
1816,other,1
1818,other,1
1823,other,2
1824,other,1
1825,other,1
1827,other,1
1828,other,0
1830,other,0
1832,other,1
1833,other,1
1834,other,2
1836,other,4
1837,other,6
1838,other,5
1839,other,3
1840,other,1
1841,other,2
1842,other,0
1843,other,2
1844,other,2
1845,other,2
1847,other,0
1848,other,0
1849,other,3
1850,other,2
1851,other,5
1852,other,3
1853,other,6
1854,other,4
1855,other,4
1856,other,3
1857,other,3
1858,other,5
1859,other,1
1860,other,3
1861,other,8
1862,other,2
1863,other,7
1864,other,5
1865,other,1
1866,other,5
1867,other,3
1868,other,3
1869,other,6
1870,other,24
1871,other,3
1872,other,4
1873,other,7
1874,other,9
1875,other,2
1876,other,10
1877,other,5
1878,other,6
1879,other,7
1880,other,5
1881,other,7
1882,other,6
1883,other,3
1884,other,8
1885,other,6
1886,other,14
1887,other,12
1888,other,9
1889,other,6
1890,other,9
1891,other,13
1892,other,9
1893,other,10
1894,other,17
1895,other,10
1896,other,11
1897,other,15
1898,other,19
1899,other,15
1900,other,21
1901,other,15
1902,other,17
1903,other,20
1904,other,13
1905,other,17
1906,other,23
1907,other,16
1908,other,32
1909,other,22
1910,other,21
1911,other,18
1912,other,21
1913,other,25
1914,other,22
1915,other,18
1916,other,34
1917,other,41
1918,other,39
1919,other,34
1920,other,19
1921,other,35
1922,other,37
1923,other,20
1924,other,34
1925,other,31
1926,other,26
1927,other,45
1928,other,42
1929,other,38
1930,other,34
1931,other,23
1932,other,32
1933,other,25
1934,other,25
1935,other,30
1936,other,35
1937,other,31
1938,other,25
1939,other,17
1940,other,38
1941,other,7
1942,other,26
1943,other,14
1944,other,14
1945,other,22
1946,other,17
1947,other,22
1948,other,25
1949,other,18
1950,other,14
1951,other,18
1952,other,17
1953,other,16
1954,other,21
1955,other,23
1956,other,15
1957,other,18
1958,other,14
1959,other,13
1960,other,24
1961,other,16
1962,other,16
1963,other,16
1964,other,17
1965,other,22
1966,other,33
1967,other,28
1968,other,37
1969,other,27
1970,other,47
1971,other,34
1972,other,41
1973,other,36
1974,other,35
1975,other,27
1976,other,39
1977,other,27
1978,other,30
1979,other,25
1980,other,27
1981,other,24
1982,other,23
1983,other,28
1984,other,25
1985,other,29
1986,other,20
1987,other,24
1988,other,18
1989,other,32
1990,other,28
1991,other,23
1992,other,23
1993,other,18
1994,other,21
1995,other,27
1996,other,18
1997,other,20
1998,other,20
1999,other,19
2000,other,25
2001,other,18
2002,other,21
2003,other,30
2004,other,19
2005,other,20
2006,other,18
2007,other,42
2008,other,32
2009,other,22
2010,other,26
2011,other,37
2012,other,31
2013,other,35
2014,other,30
2015,other,29
2016,other,5
